<?xml version="1.0"?><tsung loglevel="warning">

  <clients>
    <client host="localhost" cpu="2" maxusers="30000000"/>
  </clients>

  <servers>
    <server host="172.57.100.100" port="46657" type="tcp"/>
    <server host="172.57.100.101" port="46657" type="tcp"/>
    <server host="172.57.100.102" port="46657" type="tcp"/>
    </servers>

  <load>
    <arrivalphase phase="1" duration="30" unit="second">
      <users arrivalrate="20" unit="second"/>
    </arrivalphase>
    <arrivalphase phase="2" duration="1" unit="minute">
      <users arrivalrate="100" unit="second"/>
    </arrivalphase>
    <arrivalphase phase="3" duration="30" unit="second">
      <users arrivalrate="200" unit="second"/>
    </arrivalphase>
  </load>

  <sessions>
  <session name="app_event" weight="1" type="ts_http">
    <setdynvars sourcetype="random_string" length="20">
        <var name="randstring"/>
    </setdynvars>
    <request subst="true">
      <http url="/broadcast_tx_commit?tx=&quot;%%_randstring%%&quot;" method="GET"/>
    </request>
  </session>
</sessions>

</tsung>
