<?xml version="1.0"?><tsung>

    <clients>
        <client host="localhost" cpu="2" maxusers="30000000"/>
    </clients>

    <servers>
        <server host="172.57.101.100" port="8545" type="tcp"/>
        </servers>

    <load>
    <arrivalphase phase="1" duration="30" unit="second">
      <users arrivalrate="15" unit="second"/>
    </arrivalphase>
    <arrivalphase phase="2" duration="30" unit="second">
      <users arrivalrate="20" unit="second"/>
    </arrivalphase>
    <arrivalphase phase="3" duration="10" unit="second">
      <users arrivalrate="1" unit="second"/>
    </arrivalphase>
    </load>


    <options>
        <option name="file_server" id="addresses" value="./res/accounts.csv"/>
    </options>

    <sessions>
        <session name="ethermint_transaction" weight="1" type="ts_http">
            <transaction name="send_transaction_and_wait_for_commit">
                <setdynvars sourcetype="file" fileid="addresses" delimiter="," order="iter">
                    <var name="addr_1"/>
                    <var name="addr_2"/>
                </setdynvars>
                <request subst="true">
                    <dyn_variable name="transaction_hash" jsonpath="result"/>
                    <http url="/" method="POST" contents="{&quot;jsonrpc&quot;:&quot;2.0&quot;, &quot;method&quot;:&quot;eth_sendTransaction&quot;, &quot;id&quot;:1, &quot;params&quot;:[{&quot;from&quot;:&quot;%%_addr_1%%&quot;, &quot;to&quot;:&quot;%%_addr_2%%&quot;, &quot;value&quot;:&quot;0x1&quot;}]}" content_type="application/json"/>
                </request>
                <request subst="true">
                    <match do="loop" sleep_loop="1" max_loop="20" when="match">"result":null</match>
                    <http url="/" method="POST" contents="{&quot;jsonrpc&quot;:&quot;2.0&quot;, &quot;method&quot;:&quot;eth_getTransactionReceipt&quot;, &quot;id&quot;:1, &quot;params&quot;:[&quot;%%_transaction_hash%%&quot;]}" content_type="application/json"/>
                </request>


            </transaction>
        </session>
    </sessions>

</tsung>
